{
  "contract_version": "0.1.0",
  "request_id": "req_sample_001",
  "dtm_id": "riverside_2023_20cm",
  "instruction_text": "SAMPLE ONLY: Aim slightly left of center and roll with medium pace (format UNCONFIRMED).",
  "plot": {
    "frame": "green_local_m",
    "points": [
      {
        "x_m": 22.0,
        "y_m": 10.0
      },
      {
        "x_m": 20.0,
        "y_m": 10.4
      },
      {
        "x_m": 17.0,
        "y_m": 10.8
      },
      {
        "x_m": 14.0,
        "y_m": 11.0
      },
      {
        "x_m": 11.0,
        "y_m": 11.0
      }
    ]
  },
  "warnings": [
    "SAMPLE ONLY: Instruction format and plot semantics must be confirmed with developer."
  ],
  "raw": {
    "dll_return_code": 0
  }
}