{
  "tool_args": {
    "contract_version": "0.5.0",
    "course_id": "riverside",
    "hole_id": 1,
    "ball_wgs84": {
      "lat": 40.26826,
      "lon": -111.65948
    },
    "cup_wgs84": {
      "lat": 40.268251,
      "lon": -111.659486
    },
    "stimp": {
      "ft": 9,
      "in": 3
    },
    "want_plot": true
  },
  "backend_resolved": {
    "dtm_id": "riverside_2023_20cm",
    "ball_local": {
      "x_m": 22.0,
      "y_m": 10.0
    },
    "cup_local": {
      "x_m": 11.0,
      "y_m": 11.0
    },
    "notes": "SAMPLE ONLY: local coords shown here are placeholders until transforms are validated."
  },
  "service_request": {
    "contract_version": "0.5.0",
    "request_id": "req_sample_001",
    "dtm_id": "riverside_2023_20cm",
    "frame": "green_local_m",
    "ball": {
      "x_m": 22.0,
      "y_m": 10.0
    },
    "cup": {
      "x_m": 11.0,
      "y_m": 11.0
    },
    "stimp": {
      "ft": 9,
      "in": 3
    },
    "want_plot": true
  },
  "service_response": {
    "contract_version": "0.5.0",
    "request_id": "req_sample_001",
    "dtm_id": "riverside_2023_20cm",
    "instruction_text": "SAMPLE ONLY: Aim slightly left of center and roll with medium pace (format UNCONFIRMED).",
    "plot": {
      "frame": "green_local_m",
      "points": [
        {
          "x_m": 22.0,
          "y_m": 10.0
        },
        {
          "x_m": 20.0,
          "y_m": 10.4
        },
        {
          "x_m": 17.0,
          "y_m": 10.8
        },
        {
          "x_m": 14.0,
          "y_m": 11.0
        },
        {
          "x_m": 11.0,
          "y_m": 11.0
        }
      ]
    },
    "warnings": [
      "SAMPLE ONLY: Instruction format and plot semantics must be confirmed with developer."
    ],
    "raw": {
      "dll_return_code": 0
    }
  },
  "tool_output": {
    "contract_version": "0.5.0",
    "request_id": "req_sample_001",
    "dtm_id": "riverside_2023_20cm",
    "instruction_text": "SAMPLE ONLY: Aim slightly left of center and roll with medium pace (format UNCONFIRMED).",
    "overlay": {
      "frame": "green_local_m",
      "ball_local": {
        "x_m": 22.0,
        "y_m": 10.0
      },
      "cup_local": {
        "x_m": 11.0,
        "y_m": 11.0
      },
      "points": [
        {
          "x_m": 22.0,
          "y_m": 10.0
        },
        {
          "x_m": 20.0,
          "y_m": 10.4
        },
        {
          "x_m": 17.0,
          "y_m": 10.8
        },
        {
          "x_m": 14.0,
          "y_m": 11.0
        },
        {
          "x_m": 11.0,
          "y_m": 11.0
        }
      ]
    },
    "warnings": [
      "SAMPLE ONLY: Instruction format and plot semantics must be confirmed with developer."
    ],
    "raw": {
      "dll_return_code": 0
    }
  }
}