{
  "$schema": "https://json-schema.org/draft/2020-12/schema",
  "$id": "error.schema.json",
  "title": "StandardError",
  "type": "object",
  "additionalProperties": false,
  "required": [
    "contract_version",
    "request_id",
    "component",
    "error_code",
    "message"
  ],
  "properties": {
    "contract_version": {
      "type": "string",
      "const": "0.2.0"
    },
    "request_id": {
      "type": "string",
      "minLength": 1
    },
    "component": {
      "type": "string",
      "minLength": 1,
      "description": "e.g., aime_backend, putt_solver_service"
    },
    "error_code": {
      "type": "string",
      "minLength": 1,
      "description": "Stable machine-readable error identifier"
    },
    "message": {
      "type": "string",
      "minLength": 1,
      "description": "Human-readable summary"
    },
    "details": {
      "type": "object",
      "description": "Optional structured details (safe to log). Avoid secrets/paths.",
      "additionalProperties": true
    }
  }
}