{
  "contract_version": "0.3.0",
  "dtm_id": "riverside_2023_20cm",
  "course_id": "riverside",
  "hole_id": 1,
  "green_id": "riverside_20cm_grid",
  "dataset_version": "2023",
  "grid": {
    "file": "dtm/Riverside_20cm_Grid.txt",
    "format": "tab_delimited_txt",
    "spacing_m": 0.2,
    "rows": 215,
    "cols": 128,
    "no_data_value": -1.0,
    "value_semantics": "UNCONFIRMED (appears to be elevation or derived surface value)"
  },
  "extents_m": {
    "x_max_m": 42.8,
    "y_max_m": 25.4
  },
  "transform": {
    "epsg_projected": 3675,
    "sp_origin_x_m": 486435.36,
    "sp_origin_y_m": 2214826.62,
    "local_origin_wgs84": {
      "lat": 40.268251,
      "lon": -111.659486
    },
    "local_offset_x_m": 0.0,
    "local_offset_y_m": 0.0,
    "rotation_offset_deg": 0.0,
    "axis_convention": {
      "origin_description": "UNCONFIRMED: which physical corner of the green corresponds to (0,0).",
      "x_axis_description": "UNCONFIRMED: assumed to increase along grid row index direction (long dimension).",
      "y_axis_description": "UNCONFIRMED: assumed to increase along grid column index direction (short dimension).",
      "rotation_positive_direction": "UNCONFIRMED",
      "grid_mapping_note": "MVP assumption: x_m = row_index * spacing_m, y_m = col_index * spacing_m"
    }
  },
  "defaults": {
    "stimp": {
      "ft": 9,
      "in": 3
    }
  },
  "hole_location_local_m": {
    "x_m": 11.0,
    "y_m": 11.0
  },
  "tie_points": [
    {
      "name": "Sprinkler1",
      "local_m": {
        "x_m": 23.84,
        "y_m": 3.837
      }
    },
    {
      "name": "Sprinkler2",
      "local_m": {
        "x_m": 29.15,
        "y_m": 24.428
      }
    },
    {
      "name": "Sprinkler3",
      "local_m": {
        "x_m": 16.413,
        "y_m": 22.226
      }
    },
    {
      "name": "Sprinkler4",
      "local_m": {
        "x_m": 16.945,
        "y_m": 0.479
      }
    }
  ],
  "derived_stats": {
    "no_data_ratio": 0.121003,
    "valid_min": 1.0,
    "valid_max": 4.22
  },
  "hashes": {
    "grid_sha256": "ae1ab8240f24e0cc98046617e7d085641a3f724d3055708a773b325a95b7bd10"
  }
}