{
  "contract_version": "0.3.0",
  "request_id": "REQ_SAMPLE_ADVICE_TTG_001",
  "plan_type": "TEE_TO_GREEN",
  "hole_state": {
    "contract_version": "0.3.0",
    "course_id": "riverside",
    "hole_id": 1,
    "ball_wgs84": {
      "lat": 40.26826,
      "lon": -111.65948
    },
    "cup_wgs84": {
      "lat": 40.268251,
      "lon": -111.659486
    },
    "ball_local_green": {
      "x_m": 10.0,
      "y_m": 10.0
    },
    "cup_local_green": {
      "x_m": 18.0,
      "y_m": 12.0
    },
    "surface_state": "OFF_GREEN",
    "surface_confidence": 0.9,
    "green_frame": {
      "frame": "green_local_m",
      "extents_m": {
        "x_max_m": 42.8,
        "y_max_m": 25.4
      },
      "grid": {
        "spacing_m": 0.2,
        "rows": 215,
        "cols": 128
      }
    },
    "warnings": []
  },
  "plan": {
    "summary": "Mock tee-to-green: aim at the right-center of the fairway and favor a controlled swing.",
    "recommended_club": "7-iron",
    "carry_m": 140.0,
    "total_m": 150.0,
    "bearing_deg": 32.5,
    "target_wgs84": {
      "lat": 40.268251,
      "lon": -111.659486
    },
    "confidence": 0.55,
    "debug": {
      "source": "tee_to_green.service.response.sample.json"
    }
  },
  "warnings": [],
  "next_actions": []
}