{
  "$schema": "https://json-schema.org/draft/2020-12/schema",
  "$id": "green_manifest.schema.json",
  "title": "GreenDatasetManifest",
  "type": "object",
  "additionalProperties": false,
  "required": [
    "contract_version",
    "dtm_id",
    "course_id",
    "hole_id",
    "green_id",
    "dataset_version",
    "grid",
    "extents_m",
    "transform",
    "defaults"
  ],
  "properties": {
    "contract_version": {
      "type": "string",
      "const": "0.2.0"
    },
    "dtm_id": {
      "type": "string",
      "minLength": 1
    },
    "course_id": {
      "type": "string",
      "minLength": 1
    },
    "hole_id": {
      "type": [
        "string",
        "integer"
      ]
    },
    "green_id": {
      "type": "string",
      "minLength": 1
    },
    "dataset_version": {
      "type": "string",
      "minLength": 1
    },
    "grid": {
      "type": "object",
      "additionalProperties": false,
      "required": [
        "file",
        "spacing_m",
        "rows",
        "cols",
        "no_data_value"
      ],
      "properties": {
        "file": {
          "type": "string",
          "minLength": 1,
          "description": "Relative path to grid/DTM file"
        },
        "spacing_m": {
          "type": "number",
          "exclusiveMinimum": 0
        },
        "rows": {
          "type": "integer",
          "minimum": 1
        },
        "cols": {
          "type": "integer",
          "minimum": 1
        },
        "no_data_value": {
          "type": "number"
        },
        "format": {
          "type": "string",
          "description": "e.g., tab_delimited_txt"
        },
        "value_semantics": {
          "type": "string",
          "description": "Meaning of each cell value (e.g., elevation_m). Unknown if not documented."
        }
      }
    },
    "extents_m": {
      "type": "object",
      "additionalProperties": false,
      "required": [
        "x_max_m",
        "y_max_m"
      ],
      "properties": {
        "x_max_m": {
          "type": "number",
          "exclusiveMinimum": 0
        },
        "y_max_m": {
          "type": "number",
          "exclusiveMinimum": 0
        }
      }
    },
    "transform": {
      "type": "object",
      "additionalProperties": false,
      "required": [
        "epsg_projected",
        "sp_origin_x_m",
        "sp_origin_y_m",
        "local_origin_wgs84",
        "local_offset_x_m",
        "local_offset_y_m",
        "rotation_offset_deg",
        "axis_convention"
      ],
      "properties": {
        "epsg_projected": {
          "type": [
            "integer",
            "string"
          ]
        },
        "sp_origin_x_m": {
          "type": "number"
        },
        "sp_origin_y_m": {
          "type": "number"
        },
        "local_origin_wgs84": {
          "type": "object",
          "additionalProperties": false,
          "required": [
            "lat",
            "lon"
          ],
          "properties": {
            "lat": {
              "type": "number",
              "minimum": -90,
              "maximum": 90
            },
            "lon": {
              "type": "number",
              "minimum": -180,
              "maximum": 180
            }
          }
        },
        "local_offset_x_m": {
          "type": "number"
        },
        "local_offset_y_m": {
          "type": "number"
        },
        "rotation_offset_deg": {
          "type": "number"
        },
        "axis_convention": {
          "type": "object",
          "additionalProperties": false,
          "required": [
            "origin_description",
            "x_axis_description",
            "y_axis_description",
            "rotation_positive_direction",
            "grid_mapping_note"
          ],
          "properties": {
            "origin_description": {
              "type": "string"
            },
            "x_axis_description": {
              "type": "string"
            },
            "y_axis_description": {
              "type": "string"
            },
            "rotation_positive_direction": {
              "type": "string",
              "enum": [
                "CCW",
                "CW",
                "UNCONFIRMED"
              ]
            },
            "grid_mapping_note": {
              "type": "string",
              "description": "How grid indices map to local meters (may be unconfirmed)."
            }
          }
        }
      }
    },
    "defaults": {
      "type": "object",
      "additionalProperties": false,
      "required": [
        "stimp"
      ],
      "properties": {
        "stimp": {
          "type": "object",
          "additionalProperties": false,
          "required": [
            "ft",
            "in"
          ],
          "properties": {
            "ft": {
              "type": "integer",
              "minimum": 0,
              "maximum": 30
            },
            "in": {
              "type": "integer",
              "minimum": 0,
              "maximum": 11
            }
          }
        }
      }
    },
    "hole_location_local_m": {
      "type": "object",
      "additionalProperties": false,
      "required": [
        "x_m",
        "y_m"
      ],
      "properties": {
        "x_m": {
          "type": "number"
        },
        "y_m": {
          "type": "number"
        }
      }
    },
    "tie_points": {
      "type": "array",
      "items": {
        "type": "object",
        "additionalProperties": false,
        "required": [
          "name",
          "local_m"
        ],
        "properties": {
          "name": {
            "type": "string"
          },
          "local_m": {
            "type": "object",
            "additionalProperties": false,
            "required": [
              "x_m",
              "y_m"
            ],
            "properties": {
              "x_m": {
                "type": "number"
              },
              "y_m": {
                "type": "number"
              }
            }
          },
          "note": {
            "type": "string"
          }
        }
      }
    },
    "derived_stats": {
      "type": "object",
      "additionalProperties": true,
      "properties": {
        "no_data_ratio": {
          "type": "number",
          "minimum": 0,
          "maximum": 1
        },
        "valid_min": {
          "type": "number"
        },
        "valid_max": {
          "type": "number"
        }
      }
    },
    "hashes": {
      "type": "object",
      "additionalProperties": false,
      "properties": {
        "grid_sha256": {
          "type": "string",
          "pattern": "^[A-Fa-f0-9]{64}$"
        },
        "manifest_sha256": {
          "type": "string",
          "pattern": "^[A-Fa-f0-9]{64}$"
        }
      }
    }
  }
}