{
  "$schema": "https://json-schema.org/draft/2020-12/schema",
  "$id": "tool.solve_putt.args.schema.json",
  "title": "ToolSolvePuttArgs",
  "type": "object",
  "additionalProperties": false,
  "required": [
    "contract_version",
    "course_id",
    "hole_id",
    "ball_wgs84",
    "cup_wgs84"
  ],
  "properties": {
    "contract_version": {
      "type": "string",
      "const": "0.2.0"
    },
    "request_id": {
      "type": "string",
      "minLength": 1
    },
    "course_id": {
      "type": "string",
      "minLength": 1
    },
    "hole_id": {
      "type": [
        "string",
        "integer"
      ]
    },
    "green_id": {
      "type": "string",
      "minLength": 1
    },
    "ball_wgs84": {
      "type": "object",
      "additionalProperties": false,
      "required": [
        "lat",
        "lon"
      ],
      "properties": {
        "lat": {
          "type": "number",
          "minimum": -90,
          "maximum": 90
        },
        "lon": {
          "type": "number",
          "minimum": -180,
          "maximum": 180
        }
      }
    },
    "cup_wgs84": {
      "type": "object",
      "additionalProperties": false,
      "required": [
        "lat",
        "lon"
      ],
      "properties": {
        "lat": {
          "type": "number",
          "minimum": -90,
          "maximum": 90
        },
        "lon": {
          "type": "number",
          "minimum": -180,
          "maximum": 180
        }
      }
    },
    "stimp": {
      "type": "object",
      "additionalProperties": false,
      "required": [
        "ft",
        "in"
      ],
      "properties": {
        "ft": {
          "type": "integer",
          "minimum": 0,
          "maximum": 30
        },
        "in": {
          "type": "integer",
          "minimum": 0,
          "maximum": 11
        }
      }
    },
    "want_plot": {
      "type": "boolean",
      "default": true
    }
  }
}