{
  "$schema": "https://json-schema.org/draft/2020-12/schema",
  "$id": "hole_state.schema.json",
  "title": "HoleState",
  "type": "object",
  "additionalProperties": false,
  "required": [
    "contract_version",
    "course_id",
    "hole_id",
    "ball_wgs84",
    "surface_state"
  ],
  "properties": {
    "contract_version": {
      "type": "string",
      "const": "0.3.0"
    },
    "session_id": {
      "type": "string",
      "minLength": 1
    },
    "course_id": {
      "type": "string",
      "minLength": 1
    },
    "hole_id": {
      "type": [
        "string",
        "integer"
      ]
    },
    "green_id": {
      "type": "string"
    },
    "dtm_id": {
      "type": "string"
    },
    "ball_wgs84": {
      "type": "object",
      "additionalProperties": false,
      "required": [
        "lat",
        "lon"
      ],
      "properties": {
        "lat": {
          "type": "number",
          "minimum": -90,
          "maximum": 90
        },
        "lon": {
          "type": "number",
          "minimum": -180,
          "maximum": 180
        }
      }
    },
    "ball_local_green": {
      "type": "object",
      "additionalProperties": false,
      "required": [
        "x_m",
        "y_m"
      ],
      "properties": {
        "x_m": {
          "type": "number"
        },
        "y_m": {
          "type": "number"
        }
      }
    },
    "ball_timestamp_utc": {
      "type": "string",
      "format": "date-time"
    },
    "cup_wgs84": {
      "type": "object",
      "additionalProperties": false,
      "required": [
        "lat",
        "lon"
      ],
      "properties": {
        "lat": {
          "type": "number",
          "minimum": -90,
          "maximum": 90
        },
        "lon": {
          "type": "number",
          "minimum": -180,
          "maximum": 180
        }
      }
    },
    "cup_local_green": {
      "type": "object",
      "additionalProperties": false,
      "required": [
        "x_m",
        "y_m"
      ],
      "properties": {
        "x_m": {
          "type": "number"
        },
        "y_m": {
          "type": "number"
        }
      }
    },
    "cup_timestamp_utc": {
      "type": "string",
      "format": "date-time"
    },
    "stimp": {
      "type": "object",
      "additionalProperties": false,
      "required": [
        "ft",
        "in"
      ],
      "properties": {
        "ft": {
          "type": "integer",
          "minimum": 0,
          "maximum": 30
        },
        "in": {
          "type": "integer",
          "minimum": 0,
          "maximum": 11
        }
      }
    },
    "surface_state": {
      "type": "string",
      "enum": [
        "OFF_GREEN",
        "ON_GREEN",
        "UNKNOWN",
        "TRANSITION"
      ]
    },
    "surface_confidence": {
      "type": "number",
      "minimum": 0,
      "maximum": 1
    },
    "warnings": {
      "type": "array",
      "items": {
        "type": "string"
      }
    }
  }
}