{
  "$schema": "https://json-schema.org/draft/2020-12/schema",
  "$id": "tool.get_hole_advice.output.schema.json",
  "title": "ToolGetHoleAdviceOutput",
  "oneOf": [
    {
      "type": "object",
      "additionalProperties": false,
      "required": [
        "contract_version",
        "request_id",
        "plan_type",
        "hole_state",
        "plan"
      ],
      "properties": {
        "contract_version": {
          "type": "string",
          "const": "0.5.0"
        },
        "request_id": {
          "type": "string"
        },
        "plan_type": {
          "type": "string",
          "const": "PUTT"
        },
        "hole_state": {
          "type": "object",
          "additionalProperties": false,
          "required": [
            "contract_version",
            "course_id",
            "hole_id",
            "ball_wgs84",
            "surface_state"
          ],
          "properties": {
            "contract_version": {
              "type": "string",
              "const": "0.5.0"
            },
            "course_id": {
              "type": "string"
            },
            "hole_id": {
              "type": [
                "integer",
                "string"
              ]
            },
            "dtm_id": {
              "type": "string"
            },
            "green_id": {
              "type": "string"
            },
            "ball_wgs84": {
              "type": "object",
              "title": "BallWGS84",
              "additionalProperties": false,
              "required": [
                "lat",
                "lon"
              ],
              "properties": {
                "lat": {
                  "type": "number",
                  "minimum": -90,
                  "maximum": 90
                },
                "lon": {
                  "type": "number",
                  "minimum": -180,
                  "maximum": 180
                }
              }
            },
            "cup_wgs84": {
              "type": "object",
              "title": "CupWGS84",
              "additionalProperties": false,
              "required": [
                "lat",
                "lon"
              ],
              "properties": {
                "lat": {
                  "type": "number",
                  "minimum": -90,
                  "maximum": 90
                },
                "lon": {
                  "type": "number",
                  "minimum": -180,
                  "maximum": 180
                }
              }
            },
            "ball_local_green": {
              "type": "object",
              "additionalProperties": false,
              "required": [
                "x_m",
                "y_m"
              ],
              "properties": {
                "x_m": {
                  "type": "number"
                },
                "y_m": {
                  "type": "number"
                }
              }
            },
            "cup_local_green": {
              "type": "object",
              "additionalProperties": false,
              "required": [
                "x_m",
                "y_m"
              ],
              "properties": {
                "x_m": {
                  "type": "number"
                },
                "y_m": {
                  "type": "number"
                }
              }
            },
            "surface_state": {
              "type": "string",
              "enum": [
                "OFF_GREEN",
                "ON_GREEN",
                "UNKNOWN",
                "TRANSITION"
              ]
            },
            "surface_confidence": {
              "type": "number",
              "minimum": 0,
              "maximum": 1
            },
            "green_frame": {
              "type": "object"
            },
            "warnings": {
              "type": "array",
              "items": {
                "type": "string"
              }
            }
          }
        },
        "plan": {
          "type": "object",
          "additionalProperties": false,
          "required": [
            "instruction_text"
          ],
          "properties": {
            "instruction_text": {
              "type": "string"
            },
            "plot": {
              "type": "object",
              "additionalProperties": false,
              "required": [
                "frame",
                "points"
              ],
              "properties": {
                "frame": {
                  "type": "string",
                  "const": "green_local_m"
                },
                "points": {
                  "type": "array",
                  "items": {
                    "type": "object",
                    "additionalProperties": false,
                    "required": [
                      "x_m",
                      "y_m"
                    ],
                    "properties": {
                      "x_m": {
                        "type": "number"
                      },
                      "y_m": {
                        "type": "number"
                      }
                    }
                  }
                }
              }
            },
            "raw": {
              "type": "object",
              "additionalProperties": false,
              "required": [
                "dll_return_code"
              ],
              "properties": {
                "dll_return_code": {
                  "type": "integer"
                },
                "dll_error_text": {
                  "type": "string"
                }
              }
            }
          }
        },
        "warnings": {
          "type": "array",
          "items": {
            "type": "string"
          }
        },
        "next_actions": {
          "type": "array",
          "items": {
            "type": "string"
          }
        },
        "error": {
          "type": "string"
        }
      }
    },
    {
      "type": "object",
      "additionalProperties": false,
      "required": [
        "contract_version",
        "request_id",
        "plan_type",
        "hole_state",
        "plan"
      ],
      "properties": {
        "contract_version": {
          "type": "string",
          "const": "0.5.0"
        },
        "request_id": {
          "type": "string"
        },
        "plan_type": {
          "type": "string",
          "const": "TEE_TO_GREEN"
        },
        "hole_state": {
          "type": "object",
          "additionalProperties": false,
          "required": [
            "contract_version",
            "course_id",
            "hole_id",
            "ball_wgs84",
            "surface_state"
          ],
          "properties": {
            "contract_version": {
              "type": "string",
              "const": "0.5.0"
            },
            "course_id": {
              "type": "string"
            },
            "hole_id": {
              "type": [
                "integer",
                "string"
              ]
            },
            "dtm_id": {
              "type": "string"
            },
            "green_id": {
              "type": "string"
            },
            "ball_wgs84": {
              "type": "object",
              "title": "BallWGS84",
              "additionalProperties": false,
              "required": [
                "lat",
                "lon"
              ],
              "properties": {
                "lat": {
                  "type": "number",
                  "minimum": -90,
                  "maximum": 90
                },
                "lon": {
                  "type": "number",
                  "minimum": -180,
                  "maximum": 180
                }
              }
            },
            "cup_wgs84": {
              "type": "object",
              "title": "CupWGS84",
              "additionalProperties": false,
              "required": [
                "lat",
                "lon"
              ],
              "properties": {
                "lat": {
                  "type": "number",
                  "minimum": -90,
                  "maximum": 90
                },
                "lon": {
                  "type": "number",
                  "minimum": -180,
                  "maximum": 180
                }
              }
            },
            "ball_local_green": {
              "type": "object",
              "additionalProperties": false,
              "required": [
                "x_m",
                "y_m"
              ],
              "properties": {
                "x_m": {
                  "type": "number"
                },
                "y_m": {
                  "type": "number"
                }
              }
            },
            "cup_local_green": {
              "type": "object",
              "additionalProperties": false,
              "required": [
                "x_m",
                "y_m"
              ],
              "properties": {
                "x_m": {
                  "type": "number"
                },
                "y_m": {
                  "type": "number"
                }
              }
            },
            "surface_state": {
              "type": "string",
              "enum": [
                "OFF_GREEN",
                "ON_GREEN",
                "UNKNOWN",
                "TRANSITION"
              ]
            },
            "surface_confidence": {
              "type": "number",
              "minimum": 0,
              "maximum": 1
            },
            "green_frame": {
              "type": "object"
            },
            "warnings": {
              "type": "array",
              "items": {
                "type": "string"
              }
            }
          }
        },
        "plan": {
          "type": "object",
          "additionalProperties": true,
          "required": [
            "summary"
          ],
          "properties": {
            "summary": {
              "type": "string"
            },
            "message": {
              "type": "string",
              "description": "Deprecated alias for summary."
            },
            "recommended_club": {
              "type": "string"
            },
            "carry_m": {
              "type": "number",
              "minimum": 0
            },
            "total_m": {
              "type": "number",
              "minimum": 0
            },
            "bearing_deg": {
              "type": "number"
            },
            "target_wgs84": {
              "type": "object",
              "additionalProperties": false,
              "required": [
                "lat",
                "lon"
              ],
              "properties": {
                "lat": {
                  "type": "number",
                  "minimum": -90,
                  "maximum": 90
                },
                "lon": {
                  "type": "number",
                  "minimum": -180,
                  "maximum": 180
                }
              }
            },
            "confidence": {
              "type": "number",
              "minimum": 0,
              "maximum": 1
            },
            "debug": {
              "type": "object"
            }
          }
        },
        "warnings": {
          "type": "array",
          "items": {
            "type": "string"
          }
        },
        "next_actions": {
          "type": "array",
          "items": {
            "type": "string"
          }
        },
        "error": {
          "type": "string"
        }
      }
    },
    {
      "type": "object",
      "additionalProperties": false,
      "required": [
        "request_id",
        "plan_type"
      ],
      "properties": {
        "contract_version": {
          "type": "string",
          "const": "0.5.0"
        },
        "request_id": {
          "type": "string"
        },
        "plan_type": {
          "type": "string",
          "const": "ERROR"
        },
        "hole_state": {
          "type": "object",
          "additionalProperties": false,
          "required": [
            "contract_version",
            "course_id",
            "hole_id",
            "ball_wgs84",
            "surface_state"
          ],
          "properties": {
            "contract_version": {
              "type": "string",
              "const": "0.5.0"
            },
            "course_id": {
              "type": "string"
            },
            "hole_id": {
              "type": [
                "integer",
                "string"
              ]
            },
            "dtm_id": {
              "type": "string"
            },
            "green_id": {
              "type": "string"
            },
            "ball_wgs84": {
              "type": "object",
              "title": "BallWGS84",
              "additionalProperties": false,
              "required": [
                "lat",
                "lon"
              ],
              "properties": {
                "lat": {
                  "type": "number",
                  "minimum": -90,
                  "maximum": 90
                },
                "lon": {
                  "type": "number",
                  "minimum": -180,
                  "maximum": 180
                }
              }
            },
            "cup_wgs84": {
              "type": "object",
              "title": "CupWGS84",
              "additionalProperties": false,
              "required": [
                "lat",
                "lon"
              ],
              "properties": {
                "lat": {
                  "type": "number",
                  "minimum": -90,
                  "maximum": 90
                },
                "lon": {
                  "type": "number",
                  "minimum": -180,
                  "maximum": 180
                }
              }
            },
            "ball_local_green": {
              "type": "object",
              "additionalProperties": false,
              "required": [
                "x_m",
                "y_m"
              ],
              "properties": {
                "x_m": {
                  "type": "number"
                },
                "y_m": {
                  "type": "number"
                }
              }
            },
            "cup_local_green": {
              "type": "object",
              "additionalProperties": false,
              "required": [
                "x_m",
                "y_m"
              ],
              "properties": {
                "x_m": {
                  "type": "number"
                },
                "y_m": {
                  "type": "number"
                }
              }
            },
            "surface_state": {
              "type": "string",
              "enum": [
                "OFF_GREEN",
                "ON_GREEN",
                "UNKNOWN",
                "TRANSITION"
              ]
            },
            "surface_confidence": {
              "type": "number",
              "minimum": 0,
              "maximum": 1
            },
            "green_frame": {
              "type": "object"
            },
            "warnings": {
              "type": "array",
              "items": {
                "type": "string"
              }
            }
          }
        },
        "plan": {
          "type": "object"
        },
        "warnings": {
          "type": "array",
          "items": {
            "type": "string"
          }
        },
        "next_actions": {
          "type": "array",
          "items": {
            "type": "string"
          }
        },
        "error": {
          "type": "string"
        }
      }
    }
  ]
}