Deliverable,Phase,Workstream,Status,Priority,Owner,Dependencies,Acceptance Criteria,Gate
Add PuttSolutionPanel component to frontend,4,4B,Backlog,P0,,Step 6 backend endpoint; Next.js running,"Panel renders and can show instruction/error/warnings, request_id, dtm_id.",Gate 4
Register solve_putt tool in AIRealtime session tools,4,4A,Backlog,P0,,AIRealtime tools block,Realtime tool list includes solve_putt with correct schema; model can call it.,Gate 4
Implement solve_putt tool handler calling /api/solve_putt and returning function_call_output,4,4A,Backlog,P0,,Next.js /api/solve_putt proxy; backend /api/solve_putt,Tool call executes; response returned to model; errors handled visibly.,Gate 4
Render PuttSolutionPanel in AIME UI and auto-open on new putt results,4,4B,Backlog,P0,,PuttSolutionPanel; solve_putt handler,Panel shows when solve_putt runs and updates on success/failure.,Gate 4
Optional: add GreenOverlay debug renderer for plot points,4,4B,Backlog,P1,,Backend returns extents_m; plot points returned,Overlay draws ball/cup/path inside green bounds (debug).,Gate 4
