{
  "$schema": "https://json-schema.org/draft/2020-12/schema",
  "$id": "solve_putt.request.schema.json",
  "title": "SolvePuttServiceRequest",
  "type": "object",
  "additionalProperties": false,
  "required": [
    "contract_version",
    "dtm_id",
    "ball",
    "cup"
  ],
  "properties": {
    "contract_version": {
      "type": "string",
      "const": "0.1.0"
    },
    "request_id": {
      "type": "string",
      "minLength": 1
    },
    "dtm_id": {
      "type": "string",
      "minLength": 1
    },
    "frame": {
      "type": "string",
      "const": "green_local_m",
      "default": "green_local_m"
    },
    "ball": {
      "type": "object",
      "additionalProperties": false,
      "required": [
        "x_m",
        "y_m"
      ],
      "properties": {
        "x_m": {
          "type": "number"
        },
        "y_m": {
          "type": "number"
        }
      }
    },
    "cup": {
      "type": "object",
      "additionalProperties": false,
      "required": [
        "x_m",
        "y_m"
      ],
      "properties": {
        "x_m": {
          "type": "number"
        },
        "y_m": {
          "type": "number"
        }
      }
    },
    "stimp": {
      "type": "object",
      "additionalProperties": false,
      "required": [
        "ft",
        "in"
      ],
      "properties": {
        "ft": {
          "type": "integer",
          "minimum": 0,
          "maximum": 30
        },
        "in": {
          "type": "integer",
          "minimum": 0,
          "maximum": 11
        }
      }
    },
    "want_plot": {
      "type": "boolean",
      "default": true
    }
  }
}