{
  "$schema": "https://json-schema.org/draft/2020-12/schema",
  "$id": "tee_to_green.response.schema.json",
  "title": "TeeToGreenResponse",
  "type": "object",
  "additionalProperties": false,
  "required": [
    "contract_version",
    "request_id",
    "summary"
  ],
  "properties": {
    "contract_version": {
      "type": "string",
      "const": "0.3.0"
    },
    "request_id": {
      "type": "string"
    },
    "summary": {
      "type": "string"
    },
    "recommended_club": {
      "type": "string"
    },
    "carry_m": {
      "type": "number",
      "minimum": 0
    },
    "total_m": {
      "type": "number",
      "minimum": 0
    },
    "bearing_deg": {
      "type": "number"
    },
    "target_wgs84": {
      "type": "object",
      "additionalProperties": false,
      "required": [
        "lat",
        "lon"
      ],
      "properties": {
        "lat": {
          "type": "number",
          "minimum": -90,
          "maximum": 90
        },
        "lon": {
          "type": "number",
          "minimum": -180,
          "maximum": 180
        }
      }
    },
    "confidence": {
      "type": "number",
      "minimum": 0,
      "maximum": 1
    },
    "debug": {
      "type": "object",
      "additionalProperties": true
    }
  }
}