{
  "$schema": "https://json-schema.org/draft/2020-12/schema",
  "$id": "session.set_location.response.schema.json",
  "title": "SetLocationResponse",
  "type": "object",
  "additionalProperties": false,
  "required": [
    "contract_version",
    "request_id",
    "session_id",
    "hole_state"
  ],
  "properties": {
    "contract_version": {
      "type": "string",
      "const": "0.4.0"
    },
    "request_id": {
      "type": "string",
      "minLength": 1
    },
    "session_id": {
      "type": "string",
      "minLength": 1
    },
    "hole_state": {
      "$ref": "hole_state.schema.json"
    },
    "warnings": {
      "type": "array",
      "items": {
        "type": "string"
      }
    }
  }
}