{
  "$schema": "https://json-schema.org/draft/2020-12/schema",
  "$id": "tee_to_green.request.schema.json",
  "title": "TeeToGreenRequest",
  "type": "object",
  "additionalProperties": false,
  "required": [
    "contract_version",
    "course_id",
    "hole_id",
    "ball_wgs84"
  ],
  "properties": {
    "contract_version": {
      "type": "string",
      "const": "0.4.0"
    },
    "request_id": {
      "type": "string"
    },
    "course_id": {
      "type": "string"
    },
    "hole_id": {
      "type": "integer",
      "minimum": 1
    },
    "ball_wgs84": {
      "type": "object",
      "additionalProperties": false,
      "required": [
        "lat",
        "lon"
      ],
      "properties": {
        "lat": {
          "type": "number",
          "minimum": -90,
          "maximum": 90
        },
        "lon": {
          "type": "number",
          "minimum": -180,
          "maximum": 180
        }
      }
    },
    "pin_wgs84": {
      "type": "object",
      "additionalProperties": false,
      "required": [
        "lat",
        "lon"
      ],
      "properties": {
        "lat": {
          "type": "number",
          "minimum": -90,
          "maximum": 90
        },
        "lon": {
          "type": "number",
          "minimum": -180,
          "maximum": 180
        }
      }
    },
    "player": {
      "type": "object",
      "additionalProperties": true
    },
    "conditions": {
      "type": "object",
      "additionalProperties": true
    }
  }
}