{
  "$schema": "https://json-schema.org/draft/2020-12/schema",
  "$id": "tool.solve_putt.output.schema.json",
  "title": "ToolSolvePuttOutput",
  "type": "object",
  "additionalProperties": false,
  "required": [
    "contract_version",
    "request_id",
    "dtm_id"
  ],
  "properties": {
    "contract_version": {
      "type": "string",
      "const": "0.4.0"
    },
    "request_id": {
      "type": "string",
      "minLength": 1
    },
    "dtm_id": {
      "type": "string",
      "minLength": 1
    },
    "instruction_text": {
      "type": "string"
    },
    "overlay": {
      "type": "object",
      "additionalProperties": false,
      "required": [
        "frame",
        "ball_local",
        "cup_local"
      ],
      "properties": {
        "frame": {
          "type": "string",
          "const": "green_local_m"
        },
        "ball_local": {
          "type": "object",
          "additionalProperties": false,
          "required": [
            "x_m",
            "y_m"
          ],
          "properties": {
            "x_m": {
              "type": "number"
            },
            "y_m": {
              "type": "number"
            }
          }
        },
        "cup_local": {
          "type": "object",
          "additionalProperties": false,
          "required": [
            "x_m",
            "y_m"
          ],
          "properties": {
            "x_m": {
              "type": "number"
            },
            "y_m": {
              "type": "number"
            }
          }
        },
        "points": {
          "type": "array",
          "items": {
            "type": "object",
            "additionalProperties": false,
            "required": [
              "x_m",
              "y_m"
            ],
            "properties": {
              "x_m": {
                "type": "number"
              },
              "y_m": {
                "type": "number"
              }
            }
          }
        }
      }
    },
    "warnings": {
      "type": "array",
      "items": {
        "type": "string"
      }
    },
    "raw": {
      "type": "object",
      "additionalProperties": false,
      "properties": {
        "dll_return_code": {
          "type": "integer"
        },
        "dll_error_text": {
          "type": "string"
        }
      }
    },
    "error": {
      "$ref": "error.schema.json"
    }
  }
}