{
  "$schema": "https://json-schema.org/draft/2020-12/schema",
  "$id": "session.set_cup_location.request.schema.json",
  "title": "SetCupLocationRequest",
  "type": "object",
  "additionalProperties": false,
  "required": [
    "contract_version",
    "session_id",
    "cup_wgs84"
  ],
  "properties": {
    "contract_version": {
      "type": "string",
      "const": "0.5.0"
    },
    "request_id": {
      "type": "string",
      "minLength": 1
    },
    "session_id": {
      "type": "string",
      "minLength": 1
    },
    "cup_wgs84": {
      "type": "object",
      "additionalProperties": false,
      "required": [
        "lat",
        "lon"
      ],
      "properties": {
        "lat": {
          "type": "number",
          "minimum": -90,
          "maximum": 90
        },
        "lon": {
          "type": "number",
          "minimum": -180,
          "maximum": 180
        }
      }
    }
  }
}