{
  "contract_version": "0.1.0",
  "course_id": "riverside",
  "dataset_version": "2023",
  "defaults": {
    "stimp": {
      "ft": 9,
      "in": 3
    }
  },
  "derived_stats": {
    "no_data_ratio": 0.121003,
    "valid_max": 4.22,
    "valid_min": 1.0
  },
  "dtm_id": "riverside_2023_20cm",
  "extents_m": {
    "x_max_m": 42.8,
    "y_max_m": 25.4
  },
  "green_id": "riverside_20cm_grid",
  "grid": {
    "cols": 128,
    "file": "dtm/Riverside_20cm_Grid.txt",
    "format": "tab_delimited_txt",
    "no_data_value": -1.0,
    "rows": 215,
    "spacing_m": 0.2,
    "value_semantics": "UNCONFIRMED (appears to be elevation or derived surface value)"
  },
  "hashes": {
    "grid_sha256": "ae1ab8240f24e0cc98046617e7d085641a3f724d3055708a773b325a95b7bd10",
    "manifest_sha256": "3c5a528f5df06c2c33e3f01b0cacae4c42e3a67c71f7446ed6a46ee0a65fc824"
  },
  "hole_id": 1,
  "hole_location_local_m": {
    "x_m": 11.0,
    "y_m": 11.0
  },
  "tie_points": [
    {
      "local_m": {
        "x_m": 23.84,
        "y_m": 3.837
      },
      "name": "Sprinkler1"
    },
    {
      "local_m": {
        "x_m": 29.15,
        "y_m": 24.428
      },
      "name": "Sprinkler2"
    },
    {
      "local_m": {
        "x_m": 16.413,
        "y_m": 22.226
      },
      "name": "Sprinkler3"
    },
    {
      "local_m": {
        "x_m": 16.945,
        "y_m": 0.479
      },
      "name": "Sprinkler4"
    }
  ],
  "transform": {
    "axis_convention": {
      "grid_mapping_note": "MVP assumption: x_m = row_index * spacing_m, y_m = col_index * spacing_m",
      "origin_description": "UNCONFIRMED: which physical corner of the green corresponds to (0,0).",
      "rotation_positive_direction": "UNCONFIRMED",
      "x_axis_description": "UNCONFIRMED: assumed to increase along grid row index direction (long dimension).",
      "y_axis_description": "UNCONFIRMED: assumed to increase along grid column index direction (short dimension)."
    },
    "epsg_projected": 3675,
    "local_offset_x_m": 0.0,
    "local_offset_y_m": 0.0,
    "local_origin_wgs84": {
      "lat": 40.268251,
      "lon": -111.659486
    },
    "rotation_offset_deg": 0.0,
    "sp_origin_x_m": 486435.36,
    "sp_origin_y_m": 2214826.62
  }
}