{
  "contract_version": "0.3.0",
  "request_id": "00000000-0000-0000-0000-000000000000",
  "plan_type": "PUTT",
  "hole_state": {
    "contract_version": "0.3.0",
    "course_id": "riverside",
    "hole_id": 1,
    "dtm_id": "riverside_h01_green01_v2023",
    "green_id": "green01",
    "ball_wgs84": {
      "lat": 40.26826,
      "lon": -111.65948
    },
    "cup_wgs84": {
      "lat": 40.268251,
      "lon": -111.659486
    },
    "ball_local_green": {
      "x_m": 12.34,
      "y_m": 5.67
    },
    "cup_local_green": {
      "x_m": 13.01,
      "y_m": 4.98
    },
    "surface_state": "ON_GREEN",
    "surface_confidence": 0.9,
    "green_frame": {
      "frame": "green_local_m",
      "extents_m": {
        "x_max_m": 30.0,
        "y_max_m": 20.0
      }
    },
    "warnings": []
  },
  "plan": {
    "instruction_text": "Aim 1 cup right; firm pace.",
    "plot": {
      "frame": "green_local_m",
      "points": [
        {
          "x_m": 12.34,
          "y_m": 5.67
        },
        {
          "x_m": 13.01,
          "y_m": 4.98
        }
      ]
    },
    "raw": {
      "dll_return_code": 0
    }
  },
  "warnings": [],
  "next_actions": []
}